{
  "holidays": {
    "Alegria": ["01/01/2026", "21/04/2026", "01/05/2026", "07/09/2026", "12/10/2026", "02/11/2026", "15/11/2026", "20/11/2026", "25/12/2026", "03/10/2026", "19/01/2026", "03/04/2026", "08/05/2026", "15/08/2026", "07/12/2026", "02/01/2026", "16/02/2026", "17/02/2026", "20/04/2026"],
    "Alto Sertão III": ["01/01/2026", "21/04/2026", "01/05/2026", "07/09/2026", "12/10/2026", "02/11/2026", "15/11/2026", "20/11/2026", "25/12/2026", "03/07/2026", "03/04/2026", "05/04/2026", "27/06/2026", "12/07/2026", "26/07/2026", "17/09/2026", "02/01/2026", "16/02/2026", "17/02/2026", "20/04/2026"],
    "Amontada": ["01/01/2026", "21/04/2026", "01/05/2026", "07/09/2026", "12/10/2026", "02/11/2026", "15/11/2026", "20/11/2026", "25/12/2026", "25/03/2026", "06/03/2026", "03/04/2026", "11/07/2026", "07/12/2026", "02/01/2026", "16/02/2026", "17/02/2026", "20/04/2026"],
    "Angicos": ["01/01/2026", "02/01/2026", "16/02/2026", "17/02/2026", "03/04/2026", "20/04/2026", "21/04/2026", "01/05/2026", "15/08/2026", "07/09/2026", "11/09/2026", "03/10/2026", "12/10/2026", "02/11/2026", "15/11/2026", "20/11/2026", "07/12/2026", "25/12/2026"],
    "Aroeira": ["01/01/2026", "21/04/2026", "01/05/2026", "07/09/2026", "12/10/2026", "02/11/2026", "15/11/2026", "20/11/2026", "25/12/2026", "02/07/2026", "08/06/2026", "09/06/2026", "08/08/2026", "08/09/2026", "02/01/2026", "16/02/2026", "17/02/2026", "20/04/2026"],
    "Assuruá": ["01/01/2026", "21/04/2026", "01/05/2026", "07/09/2026", "12/10/2026", "02/11/2026", "15/11/2026", "20/11/2026", "25/12/2026", "02/07/2026", "03/04/2026", "24/06/2026", "09/07/2026", "14/08/2025", "25/10/2025", "02/01/2026", "16/02/2026", "17/02/2026", "20/04/2026"],
    "Aventura": ["01/01/2026", "21/04/2026", "01/05/2026", "07/09/2026", "12/10/2026", "02/11/2026", "15/11/2026", "20/11/2026", "25/12/2026", "03/10/2026", "02/01/2026", "27/03/2026", "03/04/2026", "29/06/2026", "05/09/2026", "16/02/2026", "17/02/2026", "20/04/2026"],
    "Babilônia Centro": ["01/01/2026", "21/04/2026", "01/05/2026", "07/09/2026", "12/10/2026", "02/11/2026", "15/11/2026", "20/11/2026", "25/12/2026", "02/07/2026", "08/06/2026", "09/06/2026", "08/08/2026", "08/09/2026", "02/01/2026", "16/02/2026", "17/02/2026", "20/04/2026"],
    "Babilônia Sul CDV": ["01/01/2026", "21/04/2026", "01/05/2026", "07/09/2026", "12/10/2026", "02/11/2026", "15/11/2026", "20/11/2026", "25/12/2026", "02/07/2026", "08/06/2026", "09/06/2026", "08/08/2026", "08/09/2026", "02/01/2026", "16/02/2026", "17/02/2026", "20/04/2026"],
    "Cabeço Preto": ["01/01/2026", "21/04/2026", "01/05/2026", "07/09/2026", "12/10/2026", "02/11/2026", "15/11/2026", "20/11/2026", "25/12/2026", "03/10/2026", "03/04/2026", "30/10/2026", "07/12/2026", "02/01/2026", "16/02/2026", "17/02/2026", "20/04/2026"],
    "Caldeirão": ["01/01/2026", "21/04/2026", "01/05/2026", "07/09/2026", "12/10/2026", "02/11/2026", "15/11/2026", "20/11/2026", "25/12/2026", "19/10/2026", "20/03/2026", "03/04/2026", "27/04/2026", "26/06/2026", "31/10/2026", "02/01/2026", "16/02/2026", "17/02/2026", "20/04/2026"],
    "Campo Largo": ["01/01/2026", "21/04/2026", "01/05/2026", "07/09/2026", "12/10/2026", "02/11/2026", "15/11/2026", "20/11/2026", "25/12/2026", "02/07/2026", "03/04/2026", "19/06/2026", "24/06/2026", "06/07/2026", "16/10/2026", "02/01/2026", "16/02/2026", "17/02/2026", "20/04/2026"],
    "Catanduba": ["01/01/2026", "21/04/2026", "01/05/2026", "07/09/2026", "12/10/2026", "02/11/2026", "15/11/2026", "20/11/2026", "25/12/2026", "03/10/2026", "03/04/2026", "29/06/2026", "31/07/2026", "02/01/2026", "16/02/2026", "17/02/2026", "20/04/2026"],
    "CGN": ["01/01/2026", "21/04/2026", "01/05/2026", "07/09/2026", "12/10/2026", "02/11/2026", "15/11/2026", "20/11/2026", "25/12/2026", "03/10/2026", "09/01/2026", "17/01/2026", "03/04/2026", "25/11/2026", "02/01/2026", "16/02/2026", "17/02/2026", "20/04/2026"],
    "Copel": ["01/01/2026", "21/04/2026", "01/05/2026", "07/09/2026", "12/10/2026", "02/11/2026", "15/11/2026", "20/11/2026", "25/12/2026", "03/10/2026", "09/01/2026", "17/01/2026", "03/04/2026", "25/11/2026", "02/01/2026", "16/02/2026", "17/02/2026", "20/04/2026"],
    "Cristalândia": ["01/01/2026", "21/04/2026", "01/05/2026", "07/09/2026", "12/10/2026", "02/11/2026", "15/11/2026", "20/11/2026", "25/12/2026", "19/10/2026", "24/01/2026", "03/04/2026", "28/08/2026", "04/10/2026", "02/01/2026", "16/02/2026", "17/02/2026", "20/04/2026"],
    "Cumaru": ["01/01/2026", "21/04/2026", "01/05/2026", "07/09/2026", "12/10/2026", "02/11/2026", "15/11/2026", "20/11/2026", "25/12/2026", "03/10/2026", "03/04/2026", "17/07/2026", "28/09/2026", "02/01/2026", "16/02/2026", "17/02/2026", "20/04/2026"],
    "Delfina": ["01/01/2026", "21/04/2026", "01/05/2026", "07/09/2026", "12/10/2026", "02/11/2026", "15/11/2026", "20/11/2026", "25/12/2026", "02/07/2026", "03/04/2026", "13/06/2026", "19/06/2026", "28/07/2026", "02/01/2026", "16/02/2026", "17/02/2026", "20/04/2026"],
    "Elera": ["01/01/2026", "21/04/2026", "01/05/2026", "07/09/2026", "12/10/2026", "02/11/2026", "15/11/2026", "20/11/2026", "25/12/2026", "03/10/2026", "03/04/2026", "12/07/2026", "21/08/2026", "28/11/2026", "02/01/2026", "16/02/2026", "17/02/2026", "20/04/2026"],
    "Folha Larga CDV": ["01/01/2026", "21/04/2026", "01/05/2026", "07/09/2026", "12/10/2026", "02/11/2026", "15/11/2026", "20/11/2026", "25/12/2026", "02/07/2026", "03/04/2026", "13/06/2026", "19/06/2026", "28/07/2026", "02/01/2026", "16/02/2026", "17/02/2026", "20/04/2026"],
    "Folha Larga Norte": ["01/01/2026", "21/04/2026", "01/05/2026", "07/09/2026", "12/10/2026", "02/11/2026", "15/11/2026", "20/11/2026", "25/12/2026", "02/07/2026", "13/06/2026", "19/06/2026", "28/07/2026", "02/01/2026", "16/02/2026", "17/02/2026", "20/04/2026"],
    "Gargaú": ["01/01/2026", "21/04/2026", "01/05/2026", "07/09/2026", "12/10/2026", "02/11/2026", "15/11/2026", "20/11/2026", "25/12/2026", "18/01/2026", "02/04/2026", "03/04/2026", "30/12/2026", "02/01/2026", "16/02/2026", "17/02/2026", "20/04/2026"],
    "Gravatá": ["01/01/2026", "21/04/2026", "01/05/2026", "07/09/2026", "12/10/2026", "02/11/2026", "15/11/2026", "20/11/2026", "25/12/2026", "06/03/2026", "12/01/2026", "15/03/2026", "03/04/2026", "26/06/2026", "26/07/2026", "02/01/2026", "16/02/2026", "17/02/2026", "20/04/2026"],
    "Honda": ["01/01/2026", "21/04/2026", "01/05/2026", "07/09/2026", "12/10/2026", "02/11/2026", "15/11/2026", "20/11/2026", "25/12/2026", "20/09/2026", "27/03/2026", "03/04/2026", "02/01/2026", "16/02/2026", "17/02/2026", "20/04/2026"],
    "Icaraí": ["01/01/2026", "21/04/2026", "01/05/2026", "07/09/2026", "12/10/2026", "02/11/2026", "15/11/2026", "20/11/2026", "25/12/2026", "25/03/2026", "06/03/2026", "03/04/2026", "11/07/2026", "07/12/2026", "02/01/2026", "16/02/2026", "17/02/2026", "20/04/2026"],
    "Jerusalém": ["01/01/2026", "21/04/2026", "01/05/2026", "07/09/2026", "12/10/2026", "02/11/2026", "15/11/2026", "20/11/2026", "25/12/2026", "03/10/2026", "03/04/2026", "03/05/2026", "04/12/2026", "11/12/2026", "02/01/2026", "16/02/2026", "17/02/2026", "20/04/2026"],
    "Kairós": ["01/01/2026", "21/04/2026", "01/05/2026", "07/09/2026", "12/10/2026", "02/11/2026", "15/11/2026", "20/11/2026", "25/12/2026", "27/03/2026", "23/01/2026", "19/03/2026", "03/04/2026", "05/06/2026", "25/09/2026", "02/01/2026", "16/02/2026", "17/02/2026", "20/04/2026"],
    "Macambira": ["01/01/2026", "21/04/2026", "01/05/2026", "07/09/2026", "12/10/2026", "02/11/2026", "15/11/2026", "20/11/2026", "25/12/2026", "03/10/2026", "02/01/2026", "03/04/2026", "26/06/2026", "04/10/2026", "16/02/2026", "17/02/2026", "20/04/2026"],
    "Monte Verde": ["01/01/2026", "21/04/2026", "01/05/2026", "07/09/2026", "12/10/2026", "02/11/2026", "15/11/2026", "20/11/2026", "25/12/2026", "03/10/2026", "03/04/2026", "29/06/2026", "31/07/2026", "02/01/2026", "16/02/2026", "17/02/2026", "20/04/2026"],
    "Morro do Chapeu I": ["01/01/2026", "21/04/2026", "01/05/2026", "07/09/2026", "12/10/2026", "02/11/2026", "15/11/2026", "20/11/2026", "25/12/2026", "02/07/2026", "03/04/2026", "08/06/2026", "09/06/2026", "08/08/2026", "08/09/2026", "23/10/2026", "02/01/2026", "16/02/2026", "17/02/2026", "20/04/2026"],
    "Morro do Chapeu II": ["01/01/2026", "21/04/2026", "01/05/2026", "07/09/2026", "12/10/2026", "02/11/2026", "15/11/2026", "20/11/2026", "25/12/2026", "02/07/2026", "03/04/2026", "08/06/2026", "09/06/2026", "08/08/2026", "08/09/2026", "23/10/2026", "02/01/2026", "16/02/2026", "17/02/2026", "20/04/2026"],
    "Mundo Novo": ["01/01/2026", "21/04/2026", "01/05/2026", "07/09/2026", "12/10/2026", "02/11/2026", "15/11/2026", "20/11/2026", "25/12/2026", "03/10/2026", "03/04/2026", "17/07/2026", "28/09/2026", "02/01/2026", "16/02/2026", "17/02/2026", "20/04/2026"],
    "Novo Horizonte": ["01/01/2026", "21/04/2026", "01/05/2026", "07/09/2026", "12/10/2026", "02/11/2026", "15/11/2026", "20/11/2026", "25/12/2026", "02/07/2026", "03/04/2026", "13/06/2026", "02/01/2026", "16/02/2026", "17/02/2026", "20/04/2026"],
    "Ouro Branco": ["01/01/2026", "21/04/2026", "01/05/2026", "07/09/2026", "12/10/2026", "02/11/2026", "15/11/2026", "20/11/2026", "25/12/2026", "06/03/2026", "12/01/2026", "15/03/2026", "03/04/2026", "26/06/2026", "26/07/2026", "02/01/2026", "16/02/2026", "17/02/2026", "20/04/2026"],
    "Pedra do Reino": ["01/01/2026", "21/04/2026", "01/05/2026", "07/09/2026", "12/10/2026", "02/11/2026", "15/11/2026", "20/11/2026", "25/12/2026", "02/07/2026", "24/02/2026", "03/04/2026", "24/06/2026", "26/07/2026", "02/01/2026", "16/02/2026", "17/02/2026", "20/04/2026"],
    "Pedra Pintada": ["01/01/2026", "21/04/2026", "01/05/2026", "07/09/2026", "12/10/2026", "02/11/2026", "15/11/2026", "20/11/2026", "25/12/2026", "02/07/2026", "08/06/2026", "09/06/2026", "08/08/2026", "08/09/2026", "02/01/2026", "16/02/2026", "17/02/2026", "20/04/2026"],
    "Pedra Rajada": ["01/01/2026", "21/04/2026", "01/05/2026", "07/09/2026", "12/10/2026", "02/11/2026", "15/11/2026", "20/11/2026", "25/12/2026", "03/10/2026", "02/01/2026", "03/04/2026", "26/06/2026", "04/10/2026", "16/02/2026", "17/02/2026", "20/04/2026"],
    "Riachão": ["01/01/2026", "21/04/2026", "01/05/2026", "07/09/2026", "12/10/2026", "02/11/2026", "15/11/2026", "20/11/2026", "25/12/2026", "03/10/2026", "03/04/2026", "07/08/2026", "27/12/2026", "02/01/2026", "16/02/2026", "17/02/2026", "20/04/2026"],
    "Rio do Vento Expansão": ["01/01/2026", "21/04/2026", "01/05/2026", "07/09/2026", "12/10/2026", "02/11/2026", "15/11/2026", "20/11/2026", "25/12/2026", "03/10/2026", "03/04/2026", "03/05/2026", "04/12/2026", "11/12/2026", "02/01/2026", "16/02/2026", "17/02/2026", "20/04/2026"],
    "Rio do Vento II": ["01/01/2026", "21/04/2026", "01/05/2026", "07/09/2026", "12/10/2026", "02/11/2026", "15/11/2026", "20/11/2026", "25/12/2026", "03/10/2026", "03/04/2026", "19/11/2026", "20/12/2026", "02/01/2026", "16/02/2026", "17/02/2026", "20/04/2026"],
    "Santa Rosa Mundo Novo": ["01/01/2026", "21/04/2026", "01/05/2026", "07/09/2026", "12/10/2026", "02/11/2026", "15/11/2026", "20/11/2026", "25/12/2026", "03/10/2026", "03/04/2026", "03/05/2026", "04/12/2026", "11/12/2026", "02/01/2026", "16/02/2026", "17/02/2026", "20/04/2026"],
    "Sento Sé": ["01/01/2026", "21/04/2026", "01/05/2026", "07/09/2026", "12/10/2026", "02/11/2026", "15/11/2026", "20/11/2026", "25/12/2026", "02/07/2026", "03/04/2026", "24/06/2026", "09/07/2026", "14/08/2025", "25/10/2025", "02/01/2026", "16/02/2026", "17/02/2026", "20/04/2026"],
    "Seridó": ["01/01/2026", "21/04/2026", "01/05/2026", "07/09/2026", "12/10/2026", "02/11/2026", "15/11/2026", "20/11/2026", "25/12/2026", "03/10/2026", "23/01/2026", "03/04/2026", "26/06/2026", "08/11/2026", "02/01/2026", "16/02/2026", "17/02/2026", "20/04/2026"],
    "Serra das almas": ["01/01/2026", "21/04/2026", "01/05/2026", "07/09/2026", "12/10/2026", "02/11/2026", "15/11/2026", "20/11/2026", "25/12/2026", "02/07/2026", "03/04/2026", "02/01/2026", "16/02/2026", "17/02/2026", "20/04/2026"],
    "Serra das vacas": ["01/01/2026", "21/04/2026", "01/05/2026", "07/09/2026", "12/10/2026", "02/11/2026", "15/11/2026", "20/11/2026", "25/12/2026", "06/03/2026", "03/04/2026", "27/09/2025", "20/12/2026", "02/01/2026", "16/02/2026", "17/02/2026", "20/04/2026"],
    "Serra do Assuruá": ["01/01/2026", "21/04/2026", "01/05/2026", "07/09/2026", "12/10/2026", "02/11/2026", "15/11/2026", "20/11/2026", "25/12/2026", "02/07/2026", "03/04/2026", "24/06/2026", "09/07/2026", "14/08/2025", "25/10/2025", "02/01/2026", "16/02/2026", "17/02/2026", "20/04/2026"],
    "Serra do Tigre": ["01/01/2026", "21/04/2026", "01/05/2026", "07/09/2026", "12/10/2026", "02/11/2026", "15/11/2026", "20/11/2026", "25/12/2026", "03/10/2026", "03/04/2026", "25/07/2026", "16/10/2026", "07/12/2026", "02/01/2026", "16/02/2026", "17/02/2026", "20/04/2026"],
    "Serrote e Serra do Mato": ["01/01/2026", "21/04/2026", "01/05/2026", "07/09/2026", "12/10/2026", "02/11/2026", "15/11/2026", "20/11/2026", "25/12/2026", "27/03/2026", "03/04/2026", "22/11/2026", "31/12/2026", "02/01/2026", "16/02/2026", "17/02/2026", "20/04/2026"],
    "Taiba": ["01/01/2026", "21/04/2026", "01/05/2026", "07/09/2026", "12/10/2026", "02/11/2026", "15/11/2026", "20/11/2026", "25/12/2026", "27/03/2026", "03/04/2026", "27/11/2026", "02/01/2026", "16/02/2026", "17/02/2026", "20/04/2026"],
    "UMARI": ["01/01/2026", "21/04/2026", "01/05/2026", "07/09/2026", "12/10/2026", "02/11/2026", "15/11/2026", "20/11/2026", "25/12/2026", "03/10/2026", "20/03/2026", "03/04/2026", "02/01/2026", "16/02/2026", "17/02/2026", "20/04/2026"],
    "Ventos da Bahia": ["01/01/2026", "21/04/2026", "01/05/2026", "07/09/2026", "12/10/2026", "02/11/2026", "15/11/2026", "20/11/2026", "25/12/2026", "02/07/2026", "03/04/2026", "13/06/2026", "02/01/2026", "16/02/2026", "17/02/2026", "20/04/2026"],
    "Ventos do Piauí": ["01/01/2026", "21/04/2026", "01/05/2026", "07/09/2026", "12/10/2026", "02/11/2026", "15/11/2026", "20/11/2026", "25/12/2026", "19/10/2026", "24/01/2026", "03/04/2026", "28/08/2026", "04/10/2026", "02/01/2026", "16/02/2026", "17/02/2026", "20/04/2026"],
    "Vilas": ["01/01/2026", "21/04/2026", "01/05/2026", "07/09/2026", "12/10/2026", "02/11/2026", "15/11/2026", "20/11/2026", "25/12/2026", "03/10/2026", "03/04/2026", "15/05/2026", "16/10/2026", "02/01/2026", "16/02/2026", "17/02/2026", "20/04/2026"],
    "Vilas IV": ["01/01/2026", "21/04/2026", "01/05/2026", "07/09/2026", "12/10/2026", "02/11/2026", "15/11/2026", "20/11/2026", "25/12/2026", "03/10/2026", "03/04/2026", "15/05/2026", "16/10/2026", "02/01/2026", "16/02/2026", "17/02/2026", "20/04/2026"]
  },
  "serials": {
    "Honda": [
      { "serialNumber": "1655606", "functionalLocation": "AAL-FY2-T01" },
      { "serialNumber": "1655621", "functionalLocation": "AAL-FY2-T02" },
      { "serialNumber": "1655622", "functionalLocation": "AAL-FY2-T03" },
      { "serialNumber": "1655623", "functionalLocation": "AAL-FY2-T04" },
      { "serialNumber": "1655624", "functionalLocation": "AAL-FY2-T05" },
      { "serialNumber": "1655625", "functionalLocation": "AAL-FY2-T06" },
      { "serialNumber": "1655626", "functionalLocation": "AAL-FY2-T07" },
      { "serialNumber": "1655627", "functionalLocation": "AAL-FY2-T08" },
      { "serialNumber": "1655628", "functionalLocation": "AAL-FY2-T09" },
      { "serialNumber": "1655629", "functionalLocation": "AAL-FY2-T10" }
    ],
    "Aroeira": [
      { "serialNumber": "244177", "functionalLocation": "Aroeira 01 Morro do Chapeu Pos 001" },
      { "serialNumber": "244178", "functionalLocation": "Aroeira 01 Morro do Chapeu Pos 011" },
      { "serialNumber": "244220", "functionalLocation": "Aroeira 01 Ourolandia Pos 005" },
      { "serialNumber": "244208", "functionalLocation": "Aroeira 01 Umburanas Pos 002" },
      { "serialNumber": "244209", "functionalLocation": "Aroeira 01 Umburanas Pos 003" },
      { "serialNumber": "244210", "functionalLocation": "Aroeira 01 Umburanas Pos 004" },
      { "serialNumber": "244211", "functionalLocation": "Aroeira 01 Umburanas Pos 006" },
      { "serialNumber": "244212", "functionalLocation": "Aroeira 01 Umburanas Pos 007" },
      { "serialNumber": "244213", "functionalLocation": "Aroeira 01 Umburanas Pos 008" },
      { "serialNumber": "244214", "functionalLocation": "Aroeira 01 Umburanas Pos 009" },
      { "serialNumber": "247290", "functionalLocation": "Aroeira 01 Umburanas Pos 010" },
      { "serialNumber": "244180", "functionalLocation": "Aroeira 02 Morro do Chapeu Pos 005" },
      { "serialNumber": "244181", "functionalLocation": "Aroeira 02 Morro do Chapeu Pos 009" },
      { "serialNumber": "244182", "functionalLocation": "Aroeira 02 Morro do Chapeu Pos 010" },
      { "serialNumber": "244221", "functionalLocation": "Aroeira 02 Ourolandia Pos 001" },
      { "serialNumber": "244222", "functionalLocation": "Aroeira 02 Ourolandia Pos 002" },
      { "serialNumber": "244223", "functionalLocation": "Aroeira 02 Ourolandia Pos 003" },
      { "serialNumber": "244224", "functionalLocation": "Aroeira 02 Ourolandia Pos 004" },
      { "serialNumber": "244225", "functionalLocation": "Aroeira 02 Ourolandia Pos 006" },
      { "serialNumber": "244226", "functionalLocation": "Aroeira 02 Ourolandia Pos 007" },
      { "serialNumber": "244227", "functionalLocation": "Aroeira 02 Ourolandia Pos 008" },
      { "serialNumber": "244183", "functionalLocation": "Aroeira 03 Morro do Chapeu Pos 001" },
      { "serialNumber": "244184", "functionalLocation": "Aroeira 03 Morro do Chapeu Pos 003" },
      { "serialNumber": "244185", "functionalLocation": "Aroeira 03 Morro do Chapeu Pos 004" },
      { "serialNumber": "244186", "functionalLocation": "Aroeira 03 Morro do Chapeu Pos 005" },
      { "serialNumber": "244187", "functionalLocation": "Aroeira 03 Morro do Chapeu Pos 006" },
      { "serialNumber": "244188", "functionalLocation": "Aroeira 03 Morro do Chapeu Pos 007" },
      { "serialNumber": "244189", "functionalLocation": "Aroeira 03 Morro do Chapeu Pos 008" },
      { "serialNumber": "244190", "functionalLocation": "Aroeira 03 Morro do Chapeu Pos 009" },
      { "serialNumber": "244191", "functionalLocation": "Aroeira 03 Morro do Chapeu Pos 010" },
      { "serialNumber": "244228", "functionalLocation": "Aroeira 03 Ourolandia Pos 002" },
      { "serialNumber": "244148", "functionalLocation": "Aroeira 04 Morro do Chapeu Pos 001" },
      { "serialNumber": "244149", "functionalLocation": "Aroeira 04 Morro do Chapeu Pos 002" },
      { "serialNumber": "244150", "functionalLocation": "Aroeira 04 Morro do Chapeu Pos 003" },
      { "serialNumber": "244151", "functionalLocation": "Aroeira 04 Morro do Chapeu Pos 004" },
      { "serialNumber": "244152", "functionalLocation": "Aroeira 04 Morro do Chapeu Pos 005" },
      { "serialNumber": "244153", "functionalLocation": "Aroeira 04 Morro do Chapeu Pos 006" },
      { "serialNumber": "244154", "functionalLocation": "Aroeira 04 Morro do Chapeu Pos 007" },
      { "serialNumber": "244155", "functionalLocation": "Aroeira 04 Morro do Chapeu Pos 008" },
      { "serialNumber": "244156", "functionalLocation": "Aroeira 04 Morro do Chapeu Pos 009" },
      { "serialNumber": "244157", "functionalLocation": "Aroeira 04 Morro do Chapeu Pos 010" },
      { "serialNumber": "244158", "functionalLocation": "Aroeira 05 Morro do Chapeu Pos 001" },
      { "serialNumber": "244159", "functionalLocation": "Aroeira 05 Morro do Chapeu Pos 002" },
      { "serialNumber": "244160", "functionalLocation": "Aroeira 05 Morro do Chapeu Pos 003" },
      { "serialNumber": "244161", "functionalLocation": "Aroeira 05 Morro do Chapeu Pos 004" },
      { "serialNumber": "244162", "functionalLocation": "Aroeira 05 Morro do Chapeu Pos 005" },
      { "serialNumber": "244163", "functionalLocation": "Aroeira 05 Morro do Chapeu Pos 006" },
      { "serialNumber": "244164", "functionalLocation": "Aroeira 05 Morro do Chapeu Pos 007" },
      { "serialNumber": "244165", "functionalLocation": "Aroeira 05 Morro do Chapeu Pos 008" },
      { "serialNumber": "244166", "functionalLocation": "Aroeira 05 Morro do Chapeu Pos 009" },
      { "serialNumber": "244167", "functionalLocation": "Aroeira 05 Morro do Chapeu Pos 010" },
      { "serialNumber": "244168", "functionalLocation": "Aroeira 06 Morro do Chapeu Pos 001" },
      { "serialNumber": "244169", "functionalLocation": "Aroeira 06 Morro do Chapeu Pos 002" },
      { "serialNumber": "244170", "functionalLocation": "Aroeira 06 Morro do Chapeu Pos 003" },
      { "serialNumber": "244171", "functionalLocation": "Aroeira 06 Morro do Chapeu Pos 004" },
      { "serialNumber": "244172", "functionalLocation": "Aroeira 06 Morro do Chapeu Pos 005" },
      { "serialNumber": "244173", "functionalLocation": "Aroeira 06 Morro do Chapeu Pos 006" },
      { "serialNumber": "244174", "functionalLocation": "Aroeira 06 Morro do Chapeu Pos 007" },
      { "serialNumber": "244175", "functionalLocation": "Aroeira 06 Morro do Chapeu Pos 008" },
      { "serialNumber": "244176", "functionalLocation": "Aroeira 06 Morro do Chapeu Pos 009" },
      { "serialNumber": "244192", "functionalLocation": "Aroeira 07 Morro do Chapeu Pos 001" },
      { "serialNumber": "244193", "functionalLocation": "Aroeira 07 Morro do Chapeu Pos 002" },
      { "serialNumber": "244194", "functionalLocation": "Aroeira 07 Morro do Chapeu Pos 003" },
      { "serialNumber": "244195", "functionalLocation": "Aroeira 07 Morro do Chapeu Pos 005" },
      { "serialNumber": "244196", "functionalLocation": "Aroeira 07 Morro do Chapeu Pos 006" },
      { "serialNumber": "244197", "functionalLocation": "Aroeira 07 Morro do Chapeu Pos 008" },
      { "serialNumber": "244198", "functionalLocation": "Aroeira 07 Morro do Chapeu Pos 009" },
      { "serialNumber": "244199", "functionalLocation": "Aroeira 07 Morro do Chapeu Pos 010" },
      { "serialNumber": "244215", "functionalLocation": "Aroeira 07 Umburanas Pos 004" },
      { "serialNumber": "244216", "functionalLocation": "Aroeira 07 Umburanas Pos 007" },
      { "serialNumber": "244217", "functionalLocation": "Aroeira 07 Umburanas Pos 011" },
      { "serialNumber": "244200", "functionalLocation": "Aroeira 08 Morro do Chapeu Pos 001" },
      { "serialNumber": "244201", "functionalLocation": "Aroeira 08 Morro do Chapeu Pos 002" },
      { "serialNumber": "244202", "functionalLocation": "Aroeira 08 Morro do Chapeu Pos 003" },
      { "serialNumber": "244203", "functionalLocation": "Aroeira 08 Morro do Chapeu Pos 004" },
      { "serialNumber": "244204", "functionalLocation": "Aroeira 08 Morro do Chapeu Pos 005" },
      { "serialNumber": "244205", "functionalLocation": "Aroeira 08 Morro do Chapeu Pos 006" },
      { "serialNumber": "244206", "functionalLocation": "Aroeira 08 Morro do Chapeu Pos 007" },
      { "serialNumber": "244207", "functionalLocation": "Aroeira 08 Morro do Chapeu Pos 009" },
      { "serialNumber": "244218", "functionalLocation": "Aroeira 08 Umburanas Pos 008" }
    ]
  }
}
